{
  "Patient" : {
    "text" : {
      "status" : {
        "value" : "generated"
      },
      "div" : "<?xml version=\"1.0\" encoding=\"UTF-8\"?>\r\n<div xmlns=\"http://www.w3.org/1999/xhtml\">Doe, John. SSN:&#x0A;            444222222</div>"
    },
    "identifier" : [
      {
        "label" : {
          "value" : "SSN"
        },
        "system" : {
          "value" : "http://hl7.org/fhir/sid/us-ssn"
        },
        "key" : {
          "value" : "444222222"
        }
      }
    ],
    "name" : [
      {
        "use" : {
          "value" : "official"
        },
        "family" : [
          {
            "value" : "Doe"
          }
        ],
        "given" : [
          {
            "value" : "John"
          }
        ]
      }
    ],
    "telecom" : [
      {
        "system" : {
          "value" : "phone"
        },
        "value" : {
          "value" : "555-555-2003"
        },
        "use" : {
          "value" : "work"
        }
      }
    ],
    "gender" : {
      "coding" : [
        {
          "system" : {
            "value" : "http://hl7.org/fhir/v3/AdministrativeGender"
          },
          "code" : {
            "value" : "M"
          }
        }
      ]
    },
    "birthDate" : {
      "value" : "1973-04-01"
    },
    "address" : [
      {
        "use" : {
          "value" : "home"
        },
        "line" : [
          {
            "value" : "123 Main Street"
          }
        ]
      }
    ],
    "provider" : {
      "type" : {
        "value" : "Organization"
      },
      "reference" : {
        "value" : "organization/@hl7"
      }
    },
    "active" : {
      "value" : true
    }
  }
}
